original	label	prediction	demonstration
His facts lie on the alert war	his facts lie on the alert war	## same	Copper prices fell sharply Friday afternoon
The same furor walks towards the mail loss	the same furor walks towards the mail loss	the furor walks towards the mail loss	The red granite mausoleum draws thousands of visitors daily
A activity walks towards the slowing year	a activity walks towards the slowing year	activity walks towards the slowing year	Parts are a tragedy
The director begins in an first noise	the director begins in an first noise	the director begins in a noise	Advertisers attribute this shared loyalty to the striking similarity among brands
The budget rests on the global telephone	the budget rests on the global telephone	the budget rests	But the production is the equal of any local program
Most data live in steep data	most data live in steep data	most live in steep	There is a small Renoir on the wall
The several demand stays in the consecutive industry	the several demand stays in the consecutive industry	the several demand stays	Nausea seems a commonplace symptom
The similar house stays on the rich culture	the similar house stays on the rich culture	similar house	The change prompted the rise of discount brokers and a reduction in securities research firms
The several company died from a great space	the several company died from a great space	the several company died from space	The thrift and the holders had suspended their lawsuits as part of the agreement
A disappointing recognition happened on their session week	a disappointing recognition happened on their session week	a disappointing recognition happened	But the new lens became the eye of a storm
The touchy machines sat at the process business	the touchy machines sat at the process business	## same	It has more drug users than Boston has people
The construction happened on giant economy	the construction happened on giant economy	## same	The heavy buying in the last half hour led the specialists to take special steps
The common effort looked at the trading	the common effort looked at the trading	the common effort looked trading	Congressmen raised the issue yesterday at a hearing
A year hangs at his urgency	a year hangs at his urgency	a year hangs	The historical profession will survive these decisions
The obvious summer lies on the retrieval	the obvious summer lies on the retrieval	## same	The Dutch utility firm serves the Amsterdam and Utrecht areas
The similar portfolio lies in the high touchdown	the similar portfolio lies in the high touchdown	## same	Most recently he had been executive vice president for planning and finance at Texas Air
The opening funds sat on the bid	the opening funds sat on the bid	funds sat on the bid	Judges will write the real bill as suits roll through the courts
The other board looks at the sense guide window	the other board looks at the sense guide window	the other board looks at the window	Most analysts had expected a sharper decline after the steep rise in August
His convulsions rushed to his taste	his convulsions rushed to his taste	## same	Funds for drilling may inch up more next year if oil prices stay stable
A unexplained niche appeared in the high argument meat	a unexplained niche appeared in the high argument meat	unexplained niche in meat	This creates several problems
The thin banks lie in the new industry	the thin banks lie in the new industry	## same	They are more sophisticated this time
The real panic points to an renewed mistrust	the real panic points to an renewed mistrust	the real panic points to	Rolled copper product sales were major contributors to overall sales growth
His enthusiasm died of a price sight	his enthusiasm died of a price sight	his enthusiasm died of a price	But such a combination also presents great risks
The intimate bill stays in the invented amount	the intimate bill stays in the invented amount	## same	Higher earnings helped some issues
